sample,variant,cdna,expected_donor,chrom,pos,ref_expected,alt_expected,depth,ref_count,alt_count,vaf
WZ12_CADASIL_Control,p.R153C,c.457C>T,,chr19,15192182,G,A,174,172,0,0.0
WZ12_CADASIL_Control,p.C224Y,c.671G>A,,chr19,15191968,C,T,283,282,0,0.0
WZ16_CADASIL_C224Y,p.R153C,c.457C>T,,chr19,15192182,G,A,162,162,0,0.0
WZ16_CADASIL_C224Y,p.C224Y,c.671G>A,,chr19,15191968,C,T,251,137,114,0.4542
WZ4_CADASIL_Control,p.R153C,c.457C>T,,chr19,15192182,G,A,27,27,0,0.0
WZ4_CADASIL_Control,p.C224Y,c.671G>A,,chr19,15191968,C,T,46,46,0,0.0
WZ8_CADASIL_Control,p.R153C,c.457C>T,,chr19,15192182,G,A,162,161,0,0.0
WZ8_CADASIL_Control,p.C224Y,c.671G>A,,chr19,15191968,C,T,291,290,0,0.0
XZ5_CADASIL_R153C,p.R153C,c.457C>T,,chr19,15192182,G,A,485,485,0,0.0
XZ5_CADASIL_R153C,p.C224Y,c.671G>A,,chr19,15191968,C,T,464,271,193,0.4159
XZ6_CADASIL_R153C_isoCtrl,p.R153C,c.457C>T,,chr19,15192182,G,A,90,89,0,0.0
XZ6_CADASIL_R153C_isoCtrl,p.C224Y,c.671G>A,,chr19,15191968,C,T,72,67,0,0.0
XZ7_CADASIL_C224Y_isoCtrl,p.R153C,c.457C>T,,chr19,15192182,G,A,320,316,1,0.0031
XZ7_CADASIL_C224Y_isoCtrl,p.C224Y,c.671G>A,,chr19,15191968,C,T,270,267,0,0.0
