transcript_id,ensembl_name,isoform_label,aa_length,n_exons,biotype,notes,contrast,AveExpr,logFC,t,P.Value,adj.P.Val
ENST00000393347.7,FLT4-202,VEGFR3 short (alt C-terminus),1298,30,protein_coding,Alternative 3' splicing in terminal exon; lacks most distal C-terminal tyrosines found in the long form; attenuated signaling,vsmc_C224Y_cluster_CAD_vs_ISO,-3.45845908004171,-3.06823653529845,-1.21498603040356,0.296435987507241,0.764106049424023
ENST00000510000.1,FLT4-208,retained intron,NA,2,retained_intron,Short retained-intron variant,vsmc_C224Y_cluster_CAD_vs_ISO,-3.06876687777372,-1.71583921649074,-0.668079224517208,0.543582776332568,0.832093187423931
ENST00000514810.1,FLT4-211,retained intron,NA,4,retained_intron,Short retained-intron variant,vsmc_C224Y_cluster_CAD_vs_ISO,-4.39424405406092,2.43354850211988,0.610768193722939,0.577001188883841,0.832093187423931
ENST00000502603.5,FLT4-205,retained intron,NA,4,retained_intron,Unspliced intron retained; likely nuclear / NMD substrate,vsmc_C224Y_cluster_CAD_vs_ISO,-4.19335588657604,2.26023926975268,0.501371376899056,0.64456616094365,0.832093187423931
ENST00000261937.11,FLT4-201,VEGFR3 long (canonical full-length),1363,30,protein_coding,MANE Select; retains 3 C-terminal phosphotyrosines (Y1337/Y1363...) required for full signaling; lymphangiogenic + angiogenic,vsmc_C224Y_cluster_CAD_vs_ISO,-1.70494989663397,0.368210290878655,0.218605653131841,0.838523112017918,0.917539181691514
ENST00000393347.7,FLT4-202,VEGFR3 short (alt C-terminus),1298,30,protein_coding,Alternative 3' splicing in terminal exon; lacks most distal C-terminal tyrosines found in the long form; attenuated signaling,vsmc_pooled_CAD_vs_nonCAD,-3.27464042453019,-1.74428141427138,-1.01712436365185,0.338776285935013,0.69846528337018
ENST00000514810.1,FLT4-211,retained intron,NA,4,retained_intron,Short retained-intron variant,vsmc_pooled_CAD_vs_nonCAD,-4.79393449445977,1.42868640416233,0.840017329178312,0.425216541050409,0.772596808088815
ENST00000510000.1,FLT4-208,retained intron,NA,2,retained_intron,Short retained-intron variant,vsmc_pooled_CAD_vs_nonCAD,-4.72007736442772,1.24573642901592,0.703549904731776,0.501612944508856,0.821667325555396
ENST00000261937.11,FLT4-201,VEGFR3 long (canonical full-length),1363,30,protein_coding,MANE Select; retains 3 C-terminal phosphotyrosines (Y1337/Y1363...) required for full signaling; lymphangiogenic + angiogenic,vsmc_pooled_CAD_vs_nonCAD,-1.80064780311906,0.216623117456633,0.175790272395382,0.864813731425194,0.963412678685276
