sample_id,transcript_id,log2cpm,gene_name,transcript_type,condition,donor_inferred,contrast
WZ16_CADASIL_C224Y,ENST00000421182.5,-0.405195848568751,FN1,protein_coding,CAD,C224Y,vsmc_C224Y_cluster_CAD_vs_ISO
WZ16_CADASIL_C224Y,ENST00000323926.10,10.8931731497071,FN1,protein_coding,CAD,C224Y,vsmc_C224Y_cluster_CAD_vs_ISO
WZ16_CADASIL_C224Y,ENST00000336916.8,-5.83146060327085,FN1,protein_coding,CAD,C224Y,vsmc_C224Y_cluster_CAD_vs_ISO
WZ16_CADASIL_C224Y,ENST00000492816.6,4.29136739153682,FN1,retained_intron,CAD,C224Y,vsmc_C224Y_cluster_CAD_vs_ISO
WZ16_CADASIL_C224Y,ENST00000446046.5,9.56704929969582,FN1,protein_coding,CAD,C224Y,vsmc_C224Y_cluster_CAD_vs_ISO
WZ16_CADASIL_C224Y,ENST00000443816.5,7.06543938114903,FN1,protein_coding,CAD,C224Y,vsmc_C224Y_cluster_CAD_vs_ISO
WZ16_CADASIL_C224Y,ENST00000432072.6,7.46559894853785,FN1,protein_coding,CAD,C224Y,vsmc_C224Y_cluster_CAD_vs_ISO
WZ16_CADASIL_C224Y,ENST00000354785.11,10.4139621179117,FN1,protein_coding,CAD,C224Y,vsmc_C224Y_cluster_CAD_vs_ISO
WZ16_CADASIL_C224Y,ENST00000498719.1,1.7459682247649,FN1,retained_intron,CAD,C224Y,vsmc_C224Y_cluster_CAD_vs_ISO
WZ16_CADASIL_C224Y,ENST00000456923.5,9.95442603849613,FN1,protein_coding,CAD,C224Y,vsmc_C224Y_cluster_CAD_vs_ISO
WZ16_CADASIL_C224Y,ENST00000494446.1,3.06032309994746,FN1,retained_intron,CAD,C224Y,vsmc_C224Y_cluster_CAD_vs_ISO
WZ16_CADASIL_C224Y,ENST00000469569.1,1.28748046945266,FN1,retained_intron,CAD,C224Y,vsmc_C224Y_cluster_CAD_vs_ISO
WZ16_CADASIL_C224Y,ENST00000473614.1,2.48595201049402,FN1,retained_intron,CAD,C224Y,vsmc_C224Y_cluster_CAD_vs_ISO
WZ16_CADASIL_C224Y,ENST00000480024.1,3.67435095064875,FN1,retained_intron,CAD,C224Y,vsmc_C224Y_cluster_CAD_vs_ISO
WZ16_CADASIL_C224Y,ENST00000461974.1,6.65411716763234,FN1,retained_intron,CAD,C224Y,vsmc_C224Y_cluster_CAD_vs_ISO
WZ16_CADASIL_C224Y,ENST00000485567.1,-1.30789864721384,FN1,retained_intron,CAD,C224Y,vsmc_C224Y_cluster_CAD_vs_ISO
WZ16_CADASIL_C224Y,ENST00000460217.1,-0.0501008897461896,FN1,retained_intron,CAD,C224Y,vsmc_C224Y_cluster_CAD_vs_ISO
WZ16_CADASIL_C224Y,ENST00000438981.1,2.70381477334995,FN1,protein_coding,CAD,C224Y,vsmc_C224Y_cluster_CAD_vs_ISO
WZ16_CADASIL_C224Y,ENST00000474036.1,5.1929865207698,FN1,retained_intron,CAD,C224Y,vsmc_C224Y_cluster_CAD_vs_ISO
WZ16_CADASIL_C224Y,ENST00000480737.1,-5.83146060327085,FN1,retained_intron,CAD,C224Y,vsmc_C224Y_cluster_CAD_vs_ISO
WZ16_CADASIL_C224Y,ENST00000471193.1,-5.83146060327085,FN1,retained_intron,CAD,C224Y,vsmc_C224Y_cluster_CAD_vs_ISO
WZ16_CADASIL_C224Y,ENST00000426059.1,2.22923532841671,FN1,protein_coding,CAD,C224Y,vsmc_C224Y_cluster_CAD_vs_ISO
WZ16_CADASIL_C224Y,ENST00000496542.1,1.38770791719131,FN1,retained_intron,CAD,C224Y,vsmc_C224Y_cluster_CAD_vs_ISO
WZ16_CADASIL_C224Y,ENST00000261937.11,-1.30789864721384,FLT4,protein_coding,CAD,C224Y,vsmc_C224Y_cluster_CAD_vs_ISO
WZ16_CADASIL_C224Y,ENST00000502603.5,-0.473908598652765,FLT4,retained_intron,CAD,C224Y,vsmc_C224Y_cluster_CAD_vs_ISO
WZ16_CADASIL_C224Y,ENST00000393347.7,-2.66153560182854,FLT4,protein_coding,CAD,C224Y,vsmc_C224Y_cluster_CAD_vs_ISO
WZ16_CADASIL_C224Y,ENST00000510000.1,-5.83146060327085,FLT4,retained_intron,CAD,C224Y,vsmc_C224Y_cluster_CAD_vs_ISO
WZ16_CADASIL_C224Y,ENST00000514810.1,-5.83146060327085,FLT4,retained_intron,CAD,C224Y,vsmc_C224Y_cluster_CAD_vs_ISO
WZ16_CADASIL_C224Y,ENST00000282397.9,-0.405195848568751,FLT1,protein_coding,CAD,C224Y,vsmc_C224Y_cluster_CAD_vs_ISO
WZ16_CADASIL_C224Y,ENST00000617835.5,-5.83146060327085,FLT1,protein_coding_CDS_not_defined,CAD,C224Y,vsmc_C224Y_cluster_CAD_vs_ISO
WZ16_CADASIL_C224Y,ENST00000541932.5,-1.58353308982726,FLT1,protein_coding,CAD,C224Y,vsmc_C224Y_cluster_CAD_vs_ISO
WZ16_CADASIL_C224Y,ENST00000615840.5,-0.546058384408601,FLT1,protein_coding,CAD,C224Y,vsmc_C224Y_cluster_CAD_vs_ISO
WZ16_CADASIL_C224Y,ENST00000539099.2,-1.07657310110738,FLT1,nonsense_mediated_decay,CAD,C224Y,vsmc_C224Y_cluster_CAD_vs_ISO
XZ5_CADASIL_R153C,ENST00000421182.5,-1.97392317776043,FN1,protein_coding,CAD,C224Y,vsmc_C224Y_cluster_CAD_vs_ISO
XZ5_CADASIL_R153C,ENST00000323926.10,11.0269015238927,FN1,protein_coding,CAD,C224Y,vsmc_C224Y_cluster_CAD_vs_ISO
XZ5_CADASIL_R153C,ENST00000336916.8,-6.22185069120402,FN1,protein_coding,CAD,C224Y,vsmc_C224Y_cluster_CAD_vs_ISO
XZ5_CADASIL_R153C,ENST00000492816.6,4.42470801895053,FN1,retained_intron,CAD,C224Y,vsmc_C224Y_cluster_CAD_vs_ISO
XZ5_CADASIL_R153C,ENST00000446046.5,8.61217586755344,FN1,protein_coding,CAD,C224Y,vsmc_C224Y_cluster_CAD_vs_ISO
XZ5_CADASIL_R153C,ENST00000443816.5,6.96627448905152,FN1,protein_coding,CAD,C224Y,vsmc_C224Y_cluster_CAD_vs_ISO
XZ5_CADASIL_R153C,ENST00000432072.6,7.05004998118753,FN1,protein_coding,CAD,C224Y,vsmc_C224Y_cluster_CAD_vs_ISO
XZ5_CADASIL_R153C,ENST00000354785.11,10.2013473073215,FN1,protein_coding,CAD,C224Y,vsmc_C224Y_cluster_CAD_vs_ISO
XZ5_CADASIL_R153C,ENST00000498719.1,3.32311374158522,FN1,retained_intron,CAD,C224Y,vsmc_C224Y_cluster_CAD_vs_ISO
XZ5_CADASIL_R153C,ENST00000456923.5,9.5951579230877,FN1,protein_coding,CAD,C224Y,vsmc_C224Y_cluster_CAD_vs_ISO
XZ5_CADASIL_R153C,ENST00000494446.1,3.53136605797494,FN1,retained_intron,CAD,C224Y,vsmc_C224Y_cluster_CAD_vs_ISO
XZ5_CADASIL_R153C,ENST00000469569.1,2.96550138199648,FN1,retained_intron,CAD,C224Y,vsmc_C224Y_cluster_CAD_vs_ISO
XZ5_CADASIL_R153C,ENST00000473614.1,2.33657002206465,FN1,retained_intron,CAD,C224Y,vsmc_C224Y_cluster_CAD_vs_ISO
XZ5_CADASIL_R153C,ENST00000480024.1,3.85095184334019,FN1,retained_intron,CAD,C224Y,vsmc_C224Y_cluster_CAD_vs_ISO
XZ5_CADASIL_R153C,ENST00000461974.1,7.36815149023871,FN1,retained_intron,CAD,C224Y,vsmc_C224Y_cluster_CAD_vs_ISO
XZ5_CADASIL_R153C,ENST00000485567.1,2.10457879591829,FN1,retained_intron,CAD,C224Y,vsmc_C224Y_cluster_CAD_vs_ISO
XZ5_CADASIL_R153C,ENST00000460217.1,2.21694116137424,FN1,retained_intron,CAD,C224Y,vsmc_C224Y_cluster_CAD_vs_ISO
XZ5_CADASIL_R153C,ENST00000438981.1,-6.22185069120402,FN1,protein_coding,CAD,C224Y,vsmc_C224Y_cluster_CAD_vs_ISO
XZ5_CADASIL_R153C,ENST00000474036.1,4.38825137179565,FN1,retained_intron,CAD,C224Y,vsmc_C224Y_cluster_CAD_vs_ISO
XZ5_CADASIL_R153C,ENST00000480737.1,4.3432513871563,FN1,retained_intron,CAD,C224Y,vsmc_C224Y_cluster_CAD_vs_ISO
XZ5_CADASIL_R153C,ENST00000471193.1,-6.22185069120402,FN1,retained_intron,CAD,C224Y,vsmc_C224Y_cluster_CAD_vs_ISO
XZ5_CADASIL_R153C,ENST00000426059.1,2.59513293205136,FN1,protein_coding,CAD,C224Y,vsmc_C224Y_cluster_CAD_vs_ISO
XZ5_CADASIL_R153C,ENST00000496542.1,-0.244570767704101,FN1,retained_intron,CAD,C224Y,vsmc_C224Y_cluster_CAD_vs_ISO
XZ5_CADASIL_R153C,ENST00000261937.11,-1.82953326842526,FLT4,protein_coding,CAD,C224Y,vsmc_C224Y_cluster_CAD_vs_ISO
XZ5_CADASIL_R153C,ENST00000502603.5,-6.22185069120402,FLT4,retained_intron,CAD,C224Y,vsmc_C224Y_cluster_CAD_vs_ISO
XZ5_CADASIL_R153C,ENST00000393347.7,-6.22185069120402,FLT4,protein_coding,CAD,C224Y,vsmc_C224Y_cluster_CAD_vs_ISO
XZ5_CADASIL_R153C,ENST00000510000.1,-1.57799450142929,FLT4,retained_intron,CAD,C224Y,vsmc_C224Y_cluster_CAD_vs_ISO
XZ5_CADASIL_R153C,ENST00000514810.1,-1.46696318904055,FLT4,retained_intron,CAD,C224Y,vsmc_C224Y_cluster_CAD_vs_ISO
XZ5_CADASIL_R153C,ENST00000282397.9,-2.76241907256672,FLT1,protein_coding,CAD,C224Y,vsmc_C224Y_cluster_CAD_vs_ISO
XZ5_CADASIL_R153C,ENST00000617835.5,-1.36386969607645,FLT1,protein_coding_CDS_not_defined,CAD,C224Y,vsmc_C224Y_cluster_CAD_vs_ISO
XZ5_CADASIL_R153C,ENST00000541932.5,-1.36386969607645,FLT1,protein_coding,CAD,C224Y,vsmc_C224Y_cluster_CAD_vs_ISO
XZ5_CADASIL_R153C,ENST00000615840.5,-1.46696318904055,FLT1,protein_coding,CAD,C224Y,vsmc_C224Y_cluster_CAD_vs_ISO
XZ5_CADASIL_R153C,ENST00000539099.2,-6.22185069120402,FLT1,nonsense_mediated_decay,CAD,C224Y,vsmc_C224Y_cluster_CAD_vs_ISO
XZ6_CADASIL_R153C_isoCtrl,ENST00000421182.5,1.96744067154471,FN1,protein_coding,WT,C224Y,vsmc_C224Y_cluster_CAD_vs_ISO
XZ6_CADASIL_R153C_isoCtrl,ENST00000323926.10,11.9272983745554,FN1,protein_coding,WT,C224Y,vsmc_C224Y_cluster_CAD_vs_ISO
XZ6_CADASIL_R153C_isoCtrl,ENST00000336916.8,10.2420936279291,FN1,protein_coding,WT,C224Y,vsmc_C224Y_cluster_CAD_vs_ISO
XZ6_CADASIL_R153C_isoCtrl,ENST00000492816.6,5.22486933348393,FN1,retained_intron,WT,C224Y,vsmc_C224Y_cluster_CAD_vs_ISO
XZ6_CADASIL_R153C_isoCtrl,ENST00000446046.5,10.3345007936827,FN1,protein_coding,WT,C224Y,vsmc_C224Y_cluster_CAD_vs_ISO
XZ6_CADASIL_R153C_isoCtrl,ENST00000443816.5,10.1939884015893,FN1,protein_coding,WT,C224Y,vsmc_C224Y_cluster_CAD_vs_ISO
XZ6_CADASIL_R153C_isoCtrl,ENST00000432072.6,8.59110842368165,FN1,protein_coding,WT,C224Y,vsmc_C224Y_cluster_CAD_vs_ISO
XZ6_CADASIL_R153C_isoCtrl,ENST00000354785.11,11.9201567099012,FN1,protein_coding,WT,C224Y,vsmc_C224Y_cluster_CAD_vs_ISO
XZ6_CADASIL_R153C_isoCtrl,ENST00000498719.1,2.90685451868367,FN1,retained_intron,WT,C224Y,vsmc_C224Y_cluster_CAD_vs_ISO
XZ6_CADASIL_R153C_isoCtrl,ENST00000456923.5,10.8253812861519,FN1,protein_coding,WT,C224Y,vsmc_C224Y_cluster_CAD_vs_ISO
XZ6_CADASIL_R153C_isoCtrl,ENST00000494446.1,3.30798444459942,FN1,retained_intron,WT,C224Y,vsmc_C224Y_cluster_CAD_vs_ISO
XZ6_CADASIL_R153C_isoCtrl,ENST00000469569.1,3.33243748832396,FN1,retained_intron,WT,C224Y,vsmc_C224Y_cluster_CAD_vs_ISO
XZ6_CADASIL_R153C_isoCtrl,ENST00000473614.1,3.00138800346805,FN1,retained_intron,WT,C224Y,vsmc_C224Y_cluster_CAD_vs_ISO
XZ6_CADASIL_R153C_isoCtrl,ENST00000480024.1,4.25396343030087,FN1,retained_intron,WT,C224Y,vsmc_C224Y_cluster_CAD_vs_ISO
XZ6_CADASIL_R153C_isoCtrl,ENST00000461974.1,8.38722760800098,FN1,retained_intron,WT,C224Y,vsmc_C224Y_cluster_CAD_vs_ISO
XZ6_CADASIL_R153C_isoCtrl,ENST00000485567.1,3.60152093883056,FN1,retained_intron,WT,C224Y,vsmc_C224Y_cluster_CAD_vs_ISO
XZ6_CADASIL_R153C_isoCtrl,ENST00000460217.1,4.29932701160187,FN1,retained_intron,WT,C224Y,vsmc_C224Y_cluster_CAD_vs_ISO
XZ6_CADASIL_R153C_isoCtrl,ENST00000438981.1,-5.88430836987135,FN1,protein_coding,WT,C224Y,vsmc_C224Y_cluster_CAD_vs_ISO
XZ6_CADASIL_R153C_isoCtrl,ENST00000474036.1,4.7712223532843,FN1,retained_intron,WT,C224Y,vsmc_C224Y_cluster_CAD_vs_ISO
XZ6_CADASIL_R153C_isoCtrl,ENST00000480737.1,6.50666663628419,FN1,retained_intron,WT,C224Y,vsmc_C224Y_cluster_CAD_vs_ISO
XZ6_CADASIL_R153C_isoCtrl,ENST00000471193.1,1.25524298252745,FN1,retained_intron,WT,C224Y,vsmc_C224Y_cluster_CAD_vs_ISO
XZ6_CADASIL_R153C_isoCtrl,ENST00000426059.1,3.89868983904907,FN1,protein_coding,WT,C224Y,vsmc_C224Y_cluster_CAD_vs_ISO
XZ6_CADASIL_R153C_isoCtrl,ENST00000496542.1,1.99220857669365,FN1,retained_intron,WT,C224Y,vsmc_C224Y_cluster_CAD_vs_ISO
XZ6_CADASIL_R153C_isoCtrl,ENST00000261937.11,-1.97741777426283,FLT4,protein_coding,WT,C224Y,vsmc_C224Y_cluster_CAD_vs_ISO
XZ6_CADASIL_R153C_isoCtrl,ENST00000502603.5,-5.88430836987135,FLT4,retained_intron,WT,C224Y,vsmc_C224Y_cluster_CAD_vs_ISO
XZ6_CADASIL_R153C_isoCtrl,ENST00000393347.7,-1.49199094709259,FLT4,protein_coding,WT,C224Y,vsmc_C224Y_cluster_CAD_vs_ISO
XZ6_CADASIL_R153C_isoCtrl,ENST00000510000.1,-1.79684552862101,FLT4,retained_intron,WT,C224Y,vsmc_C224Y_cluster_CAD_vs_ISO
XZ6_CADASIL_R153C_isoCtrl,ENST00000514810.1,-5.88430836987135,FLT4,retained_intron,WT,C224Y,vsmc_C224Y_cluster_CAD_vs_ISO
XZ6_CADASIL_R153C_isoCtrl,ENST00000282397.9,-1.63638085642776,FLT1,protein_coding,WT,C224Y,vsmc_C224Y_cluster_CAD_vs_ISO
XZ6_CADASIL_R153C_isoCtrl,ENST00000617835.5,-5.88430836987135,FLT1,protein_coding_CDS_not_defined,WT,C224Y,vsmc_C224Y_cluster_CAD_vs_ISO
XZ6_CADASIL_R153C_isoCtrl,ENST00000541932.5,-3.07695344781374,FLT1,protein_coding,WT,C224Y,vsmc_C224Y_cluster_CAD_vs_ISO
XZ6_CADASIL_R153C_isoCtrl,ENST00000615840.5,-1.63638085642776,FLT1,protein_coding,WT,C224Y,vsmc_C224Y_cluster_CAD_vs_ISO
XZ6_CADASIL_R153C_isoCtrl,ENST00000539099.2,-1.49199094709259,FLT1,nonsense_mediated_decay,WT,C224Y,vsmc_C224Y_cluster_CAD_vs_ISO
